"","stationPlotted","cityName","lon","lat","daysThreshold","nSmoky","smokeOzoneMeans","clearOzoneMeans","differenceOfMeans","signif","confInt_lower","confInt_upper","pValue","tValue"
"1","010730023-01","Birmingham",-86.815,33.553056,10,25,62.4708184241019,53.2102940479809,9.26052437612094,TRUE,3.88919127201665,14.6318574802252,0.00147905138736266,3.53670676733242
"2","010731005-01","Not in a city",-87.003611,33.331111,10,42,63.5309086283845,52.6145364736191,10.9163721547654,TRUE,7.55943650172042,14.2733078078104,1.70843265214306e-08,6.50403480624636
"3","010731009-01","Not in a city",-87.305556,33.459722,10,28,61.9551692808253,53.7561724089875,8.19899687183778,TRUE,3.66273500774866,12.7352587359269,0.00078243302058834,3.66363579531208
"4","010731010-01","Leeds",-86.549167,33.545278,10,37,57.9789056663017,53.4507673042709,4.52813836203083,TRUE,0.377694020507799,8.67858270355386,0.0331814087333626,2.19736159317298
"5","010732006-01","Hoover",-86.816667,33.386389,10,35,64.1288781814226,56.5073623275864,7.62151585383618,TRUE,3.14380506819566,12.0992266394767,0.00129280070541047,3.42501462920799
"6","010735002-01","Pinson",-86.669167,33.704722,10,27,58.9233210528003,53.931896659296,4.99142439350427,TRUE,0.00979368364108298,9.97305510336745,0.0495798303932057,2.04837840933315
"7","010735003-01","Not in a city",-86.9425,33.801667,10,33,61.6296661465759,53.0635142458643,8.56615190071157,TRUE,4.83091282137394,12.3013909800492,3.61465732301096e-05,4.6307765936027
"8","020900034-01","Fairbanks",-147.727413,64.84569,10,11,32.4628836636634,30.5275092104295,1.93537445323393,FALSE,-4.00428530158136,7.87503420804922,0.494526736265121,0.70246202208115
"9","051130003-01","Mena",-94.143316,34.454406,10,19,57.6983540325166,52.610225717948,5.08812831456866,FALSE,-1.59041672949903,11.7666733586363,0.127323638165249,1.59430302846465
"10","051190007-01","North Little Rock",-92.281296,34.756189,10,40,58.874489573409,51.6353607961507,7.23912877725829,TRUE,3.54441677707813,10.9338407774384,0.000242333950974225,3.92659113975706
"11","060010007-01","Livermore",-121.784217,37.687526,10,31,57.9623993328231,51.2650834745331,6.69731585828997,FALSE,-0.0617838801030533,13.456415596683,0.0520070178908953,2.01785715308489
"12","060012004-01","Berkeley",-122.30129,37.877794,10,20,26.0477191075272,23.6660264898776,2.38169261764961,FALSE,-1.24702633630333,6.01041157160255,0.187405496313623,1.35997252787356
"13","060070008-01","Chico",-121.84162,39.761538,10,20,56.2856598786176,53.1823990457017,3.1032608329159,FALSE,-0.78363758453277,6.99015925036457,0.112053876549022,1.65424061745329
"14","060111002-01","Colusa",-122.017728,39.202935,10,46,57.5391020302729,51.3620856553294,6.17701637494348,TRUE,3.16480374202647,9.1892290078605,0.000139202844094847,4.11552890051922
"15","060195001-01","Clovis",-119.717356,36.819111,10,17,94.2061483257282,76.0829498439824,18.1231984817457,TRUE,9.60477990895762,26.6416170545338,0.000336540175444545,4.49744640007271
"16","060210003-01","Not in a city",-122.191903,39.533761,10,43,55.3026830631845,52.4296633300945,2.87301973308991,TRUE,0.0892552878895529,5.65678417829027,0.0433510623530497,2.07323578628144
"17","060290014-01","Bakersfield",-119.041209,35.356092,10,31,77.1081719576963,71.8930312902075,5.21514066748882,FALSE,-1.45818540728877,11.8884667422664,0.121170872641859,1.59302341135368
"18","060310004-01","Corcoran",-119.566954,36.10218,10,11,95.2366060350805,71.6981306694571,23.5384753656235,TRUE,15.8189376467067,31.2580130845402,2.9267782982375e-05,6.68446873040727
"19","060370016-01","Glendora",-117.85036,34.14435,10,19,70.8722126394039,73.0012449961633,-2.1290323567594,FALSE,-12.1025926792686,7.84452796574979,0.660001898745186,-0.446928566721188
"20","060376012-01","Santa Clarita",-118.5284,34.38344,10,15,76.9661862740907,74.8614272203696,2.10475905372111,FALSE,-8.38938972799274,12.598907835435,0.674271422496161,0.428986100357502
"21","060430003-01","Not in a city",-119.7062,37.71325,10,21,70.2386265958894,65.8006163659662,4.43801022992317,FALSE,-0.606838753909461,9.48285921375579,0.0815523170549353,1.82998146022126
"22","060550003-01","Napa",-122.296189,38.310942,10,34,39.3012711508757,39.4445241502167,-0.14325299934103,FALSE,-3.22404546775663,2.93753946907457,0.925559268552665,-0.0940361723206009
"23","060590007-01","Anaheim",-117.93845,33.83062,10,13,52.0164664410256,49.3748574178828,2.64160902314281,FALSE,-4.06806892999731,9.35128697628292,0.408839485450208,0.854923921113088
"24","060610006-01","Roseville",-121.266312,38.745726,10,39,72.8366991642046,66.8060050531493,6.03069411105531,FALSE,-0.095536730569882,12.1569249526805,0.0535111529960827,1.98816794927051
"25","060650012-01","Banning",-116.85841,33.92086,10,11,83.4681084552778,75.5461663944831,7.92194206079466,FALSE,-3.63961064904381,19.4834947706331,0.158392857393539,1.52097654268156
"26","060659001-01","Lake Elsinore",-117.33098,33.67649,10,15,73.2734901114343,69.6739675798844,3.59952253154985,FALSE,-3.29257604376341,10.4916211068631,0.282737535935131,1.11491699111769
"27","060670006-01","Arden-Arcade",-121.368014,38.613779,10,17,67.7332778843698,62.1132119749446,5.62006590942528,FALSE,-1.58720996990149,12.827341788752,0.118205967889095,1.64658816104514
"28","060670010-01","Sacramento",-121.492981,38.558228,10,42,64.0788527625074,57.2809453506478,6.79790741185955,TRUE,2.15678775536823,11.4390270683509,0.00501367772338658,2.94893971677669
"29","060690003-01","Not in a city",-121.15688,36.48324,10,12,63.7158496906365,57.3443876540469,6.37146203658956,FALSE,-1.64276733576764,14.3856914089468,0.108273963204199,1.74337942635453
"30","060710005-01","Crestline",-117.27235,34.2431,10,10,91.6256463937199,84.6691509872007,6.95649540651917,FALSE,-0.762823165327655,14.675813978366,0.0721880708208243,2.02222001613182
"31","060719002-01","Not in a city",-116.38893,34.06957,10,10,77.8582690240544,73.4696463844029,4.38862263965154,FALSE,-3.69865572543614,12.4759010047392,0.251864636430502,1.22190671134029
"32","060750005-01","San Francisco",-122.399044,37.765946,10,24,30.5600279853292,26.0599825417083,4.50004544362096,TRUE,0.910952804547646,8.08913808269426,0.0161019419557293,2.5849247344076
"33","060773005-01","Tracy",-121.443324,37.682512,10,44,68.8067139926651,61.1545632815223,7.65215071114287,TRUE,3.08766712067871,12.216634301607,0.00148207774177241,3.36978939639099
"34","060811001-01","Redwood City",-122.20337,37.482934,10,26,34.0971408630874,30.6011022636326,3.49603859945487,TRUE,0.388787194857677,6.60329000405206,0.0287529143335527,2.30022231448303
"35","060850005-01","San Jose",-121.894898,37.348497,10,36,44.0299594486053,40.3736479531651,3.65631149544012,TRUE,0.0551730208956848,7.25744996998456,0.0467444044042595,2.04944306957192
"36","060893003-01","Not in a city",-121.57646,40.53999,10,16,63.278013598404,54.8642492467918,8.41376435161219,FALSE,-0.411951701869154,17.2394804050935,0.0602786039799231,2.02961140268566
"37","060950004-01","Vallejo",-122.237976,38.102507,10,26,38.366176521085,36.7005344504066,1.66564207067839,FALSE,-3.32473866855371,6.65602280991048,0.499382000414724,0.6846132392473
"38","060950006-01","Benicia",-122.1507,38.0656,10,16,50.5887721600035,43.5437891661946,7.04498299380889,TRUE,0.581218668949319,13.5087473186685,0.0341983155877827,2.27666475197222
"39","060990006-01","Not in a city",-120.837005,37.487981,10,16,92.6816284528176,69.0028225752396,23.6788058775781,TRUE,12.8039013452207,34.5537104099355,0.000305571036540964,4.63042109123734
"40","061010003-01","Yuba City",-121.618549,39.138773,10,38,55.2873769956364,54.2555905807084,1.03178641492804,FALSE,-3.60869109015577,5.67226392001184,0.655580002932482,0.449387169889659
"41","061072002-01","Visalia",-119.291228,36.332179,10,43,80.868974177344,71.5844320918168,9.28454208552712,TRUE,3.4299862860363,15.1390978850179,0.00258052157541704,3.19632426421405
"42","061072010-01","Porterville",-119.055018,36.031831,10,10,65.0902278556232,69.8497940161775,-4.75956616055434,TRUE,-8.74340757741072,-0.775724743697969,0.0235450268409905,-2.63930576028041
"43","061130004-01","Not in a city",-121.7734,38.53445,10,46,56.9236215316591,53.2929653971395,3.63065613451957,FALSE,-1.94522006338785,9.20653233242699,0.196715363356918,1.30909856399239
"44","080671004-01","Not in a city",-107.484167,37.30389,10,18,61.4605274671799,56.9099366671623,4.55059080001759,TRUE,1.88574808213128,7.21543351790389,0.0019110190699582,3.5549267838921
"45","080690007-01","Not in a city",-105.54564,40.27813,10,21,61.8106980622929,60.4270930422169,1.383605020076,FALSE,-2.91230190022569,5.67951194037768,0.510666896170802,0.668947529185389
"46","080830101-01","Not in a city",-108.49046,37.1984,10,14,60.0723667583036,56.706571493982,3.36579526432158,FALSE,-0.415083089631476,7.14667361827464,0.077071678328617,1.90279458707989
"47","090011123-01","Danbury",-73.443056,41.399167,10,24,66.2046790937399,59.9150608214325,6.28961827230735,TRUE,0.727121991744959,11.8521145528697,0.0280267991709499,2.31147147351713
"48","090031003-01","East Hartford",-72.631667,41.784722,10,21,64.591821481953,54.7803253957056,9.81149608624737,TRUE,4.24192388176563,15.3810682907291,0.00130407328325015,3.63351873825385
"49","090050005-01","Cornwall",-73.297257,41.821342,10,13,65.840999499483,58.3101575370521,7.53084196243096,TRUE,0.0687473041191018,14.9929366207428,0.0481837598456734,2.15769177389425
"50","090090027-01","New Haven",-72.902871,41.3014,10,22,66.9087335291647,53.5023841126135,13.4063494165512,TRUE,6.38585892022407,20.4268399128783,0.000619846077412549,3.94436777235892
"51","090110124-01","Groton",-72.07882,41.35362,10,12,74.3259829833016,54.4665976394949,19.8593853438066,TRUE,9.20425067489728,30.514520012716,0.00161724786075955,4.07013392946363
"52","110010043-01","Washington",-77.013178,38.921847,10,30,70.0157553807033,62.7624995117815,7.25325586892185,TRUE,3.23758592709605,11.2689258107477,0.00077899381722953,3.6587737955942
"53","120013011-01","Micanopy",-82.296111,29.544722,10,43,50.379495412327,35.8124191507078,14.5670762616193,TRUE,11.2634269354552,17.8707255877833,5.68755451813534e-12,8.8467944111817
"54","120050006-01","Lower Grand Lagoon",-85.731517,30.130433,10,28,56.3752358493539,42.9540846674993,13.4211511818547,TRUE,9.1391467976169,17.7031555660924,3.48818474561746e-07,6.38258397149458
"55","120090007-01","Melbourne",-80.628611,28.053611,10,16,51.5985227986715,34.5396322022176,17.058890596454,TRUE,8.71387080814645,25.4039103847615,0.00053795608764671,4.34520626279316
"56","120210004-01","Naples",-81.711,26.27,10,27,50.0301040012828,31.2107952184917,18.8193087827911,TRUE,13.935130645874,23.7034869197081,1.6230313907486e-08,7.90359180168604
"57","120230002-01","Lake City",-82.619167,30.178056,10,46,50.2816358825713,39.8357822054995,10.4458536770718,TRUE,7.7269674660789,13.1647398880646,1.46299596957628e-10,7.68079799655732
"58","120310077-01","Jacksonville",-81.587339,30.477725,10,24,56.4957391390126,40.5992758499373,15.8964632890753,TRUE,11.109188329735,20.6837382484156,2.30602111978479e-07,6.80583884806941
"59","120310100-01","Jacksonville",-81.454,30.261,10,35,56.7978202665897,41.336144430479,15.4616758361107,TRUE,10.546435204494,20.3769164677274,1.80431125921444e-07,6.36877235234773
"60","120330004-01","Ferry Pass",-87.20355,30.525367,10,38,62.2802227265573,44.9805732253549,17.2996495012025,TRUE,13.3710444853932,21.2282545170117,2.83339109555332e-11,8.88103992576391
"61","120571065-01","Tampa",-82.538611,27.892222,10,18,61.2315516740787,41.1676121171129,20.0639395569658,TRUE,12.4249109862398,27.7029681276918,3.32653811130892e-05,5.52997016310139
"62","120573002-01","Valrico",-82.2304,27.96565,10,18,54.2257728851023,41.6815764343654,12.5441964507369,TRUE,4.43829728660575,20.650095614868,0.00450854511433583,3.25933214057424
"63","120590004-01","Not in a city",-85.603889,30.848611,10,39,53.9282287612321,41.5504019520139,12.3778268092183,TRUE,9.56769103768784,15.1879625807487,7.80161564308117e-12,8.84511535063651
"64","120730012-01","Tallahassee",-84.346389,30.439722,10,39,55.6383030529371,39.1833561260236,16.4549469269135,TRUE,13.4184567840953,19.4914370697318,2.03112810093402e-14,10.9041579731088
"65","120830003-01","Ocala",-82.100833,29.170278,10,30,52.3931577531869,38.0903157779262,14.3028419752606,TRUE,10.3644628837044,18.2412210668168,1.1116493209998e-08,7.36606194168497
"66","120850007-01","Stuart",-80.240689,27.172458,10,11,55.2464604157439,30.8310754871827,24.4153849285611,TRUE,17.4189246466789,31.4118452104433,1.11394215511979e-05,7.71042574057993
"67","120952002-01","Winter Park",-81.3625,28.596389,10,32,57.8338107404231,39.8453305834648,17.9884801569583,TRUE,13.176306779481,22.8006535344357,8.07653159761844e-09,7.59751258609923
"68","120990009-01","Royal Palm Beach",-80.233889,26.730833,10,10,57.4907154070763,28.0485278643853,29.442187542691,TRUE,23.3294704183053,35.5549046670768,1.07435157329989e-06,10.785817217856
"69","121030018-01","Saint Petersburg",-82.739875,27.785866,10,26,50.4748313863786,36.1584103420726,14.316421044306,TRUE,9.08599315613879,19.5468489324732,6.35999468611676e-06,5.6242708408669
"70","121035002-01","Tarpon Springs",-82.700833,28.09,10,27,50.6197708079049,34.7341727695509,15.885598038354,TRUE,10.5446691808942,21.2265268958138,1.52089798607909e-06,6.09782661161027
"71","121056006-01","Lakeland",-81.972222,28.028889,10,23,54.0234348416144,41.2051767302451,12.8182581113693,TRUE,5.9010663231684,19.7354498995702,0.000828256565709298,3.82710154333619
"72","121111002-01","Fort Pierce",-80.40833,27.448889,10,19,49.7918088774494,30.6338425618788,19.1579663155705,TRUE,12.5109494544357,25.8049831767054,8.3198305263014e-06,6.03160351346751
"73","121130015-01","Gulf Breeze",-87.008033,30.394133,10,37,57.7673894845437,47.3122525724149,10.4551369121288,TRUE,5.17810015393001,15.7321736703275,0.000258175457324287,4.00160469714413
"74","121152002-01","Venice",-82.362583,27.089194,10,16,50.2673285945771,33.9284085281295,16.3389200664476,TRUE,8.03497361688633,24.6428665160089,0.00076552670159353,4.18767894173542
"75","121275002-01","Daytona Beach",-81.0525,29.206667,10,21,55.8263101171663,35.5109252260064,20.3153848911599,TRUE,16.1977401484872,24.4330296338325,4.31250200205903e-10,10.1954057896387
"76","121290001-01","Saint Marks",-84.161111,30.0925,10,13,49.7388323215787,37.5707537075861,12.1680786139926,TRUE,3.27627042009299,21.0598868078922,0.0113470737458404,2.97326029769966
"77","130210012-01","Macon",-83.543521,32.805408,10,44,66.4411663098949,55.1098450308677,11.3313212790272,TRUE,8.07492009654499,14.5877224615093,2.12177804506288e-09,6.94931534883685
"78","130590002-01","Athens-Clarke County (Remainder)",-83.344495,33.918067,10,41,62.7984036173816,56.3133886601597,6.48501495722187,TRUE,2.80441919022626,10.1656107242175,0.000883786182553654,3.5402456471229
"79","130770002-01","Not in a city",-84.745988,33.40404,10,27,60.8040671450176,51.7677059665166,9.03636117850106,TRUE,3.9125349319594,14.1601874250427,0.00111799605516856,3.59998345397798
"80","130890002-01","Not in a city",-84.29048,33.68797,10,20,71.0802218184271,61.7796260026867,9.30059581574043,TRUE,2.89887008110666,15.7023215503742,0.00634881450352683,3.0087069947184
"81","131210055-01","Atlanta",-84.357056,33.720192,10,29,69.5492830274539,61.8236584832894,7.72562454416448,TRUE,2.01164078037871,13.4396083079503,0.00961485874997977,2.7533665805992
"82","131350002-01","Not in a city",-84.06901,33.96127,10,39,65.7140926823132,58.9099890576462,6.80410362466691,TRUE,2.84668858295094,10.7615186663829,0.00115749265806664,3.45766968215306
"83","131510002-01","McDonough",-84.161708,33.433575,10,37,66.5483621910216,58.7974897530569,7.75087243796472,TRUE,2.55755339454463,12.9441914813848,0.00432672886361936,3.00675809379359
"84","132130003-01","Chatsworth",-84.626422,34.785197,10,10,57.9140865818952,55.8544449345455,2.05964164734969,FALSE,-3.03970957034741,7.1589928650468,0.39202888325615,0.891930807129683
"85","132150008-01","Columbus (Remainder)",-84.944795,32.521302,10,37,60.4231887660753,49.2701253749166,11.1530633911586,TRUE,8.30576796239252,14.0003588199248,1.99182920234458e-10,7.85820812278824
"86","132230003-01","Not in a city",-85.04534,33.9285,10,50,63.6001293905241,53.8058509878628,9.79427840266133,TRUE,6.773338704846,12.8152181004767,6.47029534853609e-09,6.4453713087797
"87","132450091-01","Augusta-Richmond County (Remainder)",-82.022217,33.433349,10,44,64.278070901004,53.2560032610317,11.0220676399723,TRUE,7.50651370647654,14.5376215734681,5.12775968816436e-08,6.27917207201718
"88","160010010-01","Not in a city",-116.347853,43.600699,10,18,53.5856601403228,53.4937122864022,0.0919478539206224,FALSE,-5.49011597212194,5.67401167996318,0.97274936124935,0.0346460057470071
"89","160230101-01","Not in a city",-113.562222,43.460556,10,19,57.5460119871315,52.7507866464537,4.79522534067776,TRUE,1.91582463171955,7.67462604963597,0.00243495365871742,3.47971895892426
"90","170310001-01","Alsip",-87.732457,41.670992,10,63,60.1435738944427,53.5905593481776,6.55301454626511,TRUE,3.63391008766662,9.4721190048636,2.49821014308674e-05,4.46476099028881
"91","170310076-01","Chicago",-87.713488,41.7514,10,60,60.5169862083649,53.2033229383319,7.31366327003299,TRUE,4.32057858626592,10.3067479538001,5.80872794911331e-06,4.86425370261303
"92","170314201-01","Northbrook",-87.799227,42.139996,10,52,61.4493697443954,55.6878182439036,5.76155150049179,TRUE,2.21545688480766,9.30764611617592,0.00183979885931717,3.24224372587584
"93","170314201-02","Northbrook",-87.799227,42.139996,10,17,47.3024692095015,43.7291181438468,3.57335106565466,FALSE,-0.80383609882941,7.95053823013874,0.105239739708213,1.67962135513645
"94","170650002-01","Not in a city",-88.624943,38.082155,10,11,62.9159390622779,53.1010118893733,9.81492717290465,TRUE,2.95439775892826,16.675456586881,0.00950153836563613,3.1703205258337
"95","171110001-01","Cary",-88.242207,42.221442,10,63,57.2574683252937,50.4081923615519,6.84927596374181,TRUE,4.20664942705337,9.49190250043026,1.55884740994239e-06,5.15030741630865
"96","171150013-01","Decatur",-88.925594,39.866834,10,57,58.9682877894912,52.8326426577502,6.13564513174098,TRUE,2.9379331067642,9.33335715671776,0.000279403911972943,3.82692521289875
"97","171630010-02","East Saint Louis",-90.160477,38.612034,10,38,58.7900066403001,56.5115929535215,2.27841368677863,FALSE,-1.89462985512395,6.45145722868121,0.277748926677091,1.09790205270879
"98","171971011-01","Braidwood",-88.190967,41.221537,10,18,50.4141448953976,46.953489895249,3.46065500014862,FALSE,-1.36470009671506,8.2860100970123,0.149221691644182,1.5067849315055
"99","180030004-01","Fort Wayne",-85.101816,41.094965,10,14,63.8412606907192,54.0188873508595,9.82237333985967,TRUE,2.31656603332042,17.3281806463989,0.0141420075403109,2.81771520771987
"100","180431004-01","New Albany",-85.834167,38.308056,10,10,67.0243843169229,59.4829102847695,7.54147403215337,FALSE,-2.60166163439181,17.6846096986985,0.127793815844009,1.66826483568715
"101","180890022-01","Gary",-87.304729,41.60668,10,30,57.3333173408274,49.1816180663709,8.15169927445653,TRUE,3.55174304391136,12.7516555050017,0.00100884460568119,3.60391235111915
"102","181630012-01","Evansville",-87.569458,38.021727,10,24,68.8897348296664,59.6305360160594,9.25919881360704,TRUE,3.84156003583142,14.6768375913827,0.00147087384460985,3.48237969774926
"103","181630021-01","Evansville",-87.577856,38.013248,10,11,56.2232019486912,52.9007516433403,3.32245030535093,FALSE,-4.35924373643357,11.0041443471354,0.361159099590098,0.953263153147751
"104","190450021-01","Clinton",-90.177574,41.874999,10,58,55.9840863510015,50.2189104999807,5.76517585102079,TRUE,3.30776037592413,8.22259132611745,1.25708309998843e-05,4.67227667872341
"105","190450021-02","Clinton",-90.177574,41.874999,10,18,56.3623388828401,47.2812465673558,9.08109231548431,TRUE,6.11834535959528,12.0438392713733,2.43201367374249e-07,6.19279494158661
"106","191130040-01","Cedar Rapids",-91.68766,41.97677,10,73,53.5820689056424,47.9806232369145,5.60144566872783,TRUE,3.39975731697497,7.80313402048068,1.78045093233828e-06,5.04040431490873
"107","191130040-02","Cedar Rapids",-91.68766,41.97677,10,27,50.9004254639438,46.7707273131238,4.12969815082005,TRUE,0.689770042853278,7.56962625878683,0.0197318017672608,2.41879510363359
"108","191370002-01","Not in a city",-95.044951,40.969112,10,70,48.5602289119879,45.5353232007109,3.024905711277,TRUE,0.554529107115155,5.49528231543885,0.0169144757069683,2.42949102211774
"109","191370002-02","Not in a city",-95.044951,40.969112,10,31,45.8383786654411,42.5043204481031,3.33405821733802,TRUE,0.322032405014851,6.34608402966119,0.0306798729447369,2.21821170701116
"110","191471002-01","Emmetsburg",-94.693518,43.123704,10,55,50.9888134699302,46.8893428986552,4.09947057127509,TRUE,1.34255212199598,6.8563890205542,0.00411394011810428,2.96440741927467
"111","191471002-02","Emmetsburg",-94.693518,43.123704,10,26,50.3663609429734,47.0378701924152,3.32849075055822,FALSE,-0.990888173795078,7.64786967491151,0.127938017977944,1.54834298265336
"112","191530030-01","Des Moines",-93.643118,41.603159,10,78,48.1912618853083,44.5170035462803,3.67425833902806,TRUE,1.67208250782994,5.67643417022619,0.000412661711198298,3.63337368776521
"113","191530030-02","Des Moines",-93.643118,41.603159,10,33,46.8722212063507,44.9413238933073,1.93089731304336,FALSE,-1.29584420180088,5.1576388278876,0.235891480885357,1.19763921650516
"114","191630015-01","Davenport",-90.587611,41.530011,10,53,54.8186202154323,48.0587678554855,6.75985235994686,TRUE,4.35467552090963,9.16502919898409,3.65863134467438e-07,5.60302316479027
"115","191630015-02","Davenport",-90.587611,41.530011,10,27,51.344310455255,46.4152436368898,4.92906681836519,TRUE,1.65384135054344,8.20429228618695,0.00382858069185026,3.01181123044612
"116","191770006-01","Not in a city",-92.006318,40.695078,10,48,50.4589312862452,49.3790240413257,1.07990724491945,FALSE,-2.06092653544961,4.22074102528851,0.494963100910475,0.686145505502714
"117","191770006-02","Not in a city",-92.006318,40.695078,10,20,50.0099244915208,45.5442905121783,4.46563397934256,FALSE,-1.3037729059764,10.2350408646615,0.123721475839118,1.5906019544472
"118","201950001-01","Not in a city",-99.763424,38.770081,10,25,58.2248851677963,58.9812612917457,-0.75637612394938,FALSE,-4.30336243696042,2.79061018906166,0.665143602939896,-0.437642233226406
"119","202090021-01","Kansas City",-94.635605,39.117219,10,67,55.1174972099666,52.8678420223051,2.24965518766147,FALSE,-0.866151761014047,5.365462136337,0.155258877349479,1.43128439014245
"120","210190017-01","Ashland",-82.64041,38.45934,10,44,54.2176237233449,53.4376879221388,0.779935801206086,FALSE,-3.29837793448529,4.85824953689747,0.702617527323945,0.38394567693992
"121","210290006-01","Shepherdsville",-85.71192,37.98629,10,11,63.0253445975292,56.2385801274111,6.78676447011805,TRUE,1.3302723619558,12.2432565782803,0.0188387177794845,2.70121469517358
"122","210373002-01","Highland Heights",-84.47445,39.021881,10,33,63.7384202715609,60.5099192358179,3.22850103574306,FALSE,-1.54107561787349,7.99807768935961,0.178964280597638,1.3678067717016
"123","210590005-01","Not in a city",-87.075307,37.780776,10,44,62.9649009760009,58.3783434757622,4.58655750023868,FALSE,-0.259401892465616,9.43251689294297,0.0630851452564467,1.89946742635001
"124","210610501-01","Not in a city",-86.142953,37.13179,10,17,62.2758495201722,56.0810880675279,6.19476145264436,TRUE,1.64339950133086,10.7461234039579,0.010348629045657,2.8545498132279
"125","210670012-01","Lexington-Fayette (corporate name for Lexington)",-84.49761,38.06503,10,45,59.9057806273094,56.3073522353781,3.59842839193134,TRUE,0.313303102489091,6.88355368137359,0.032361657853926,2.19277380251348
"126","210930006-01","Elizabethtown",-85.852629,37.705612,10,21,60.3216520807535,54.9185474440599,5.40310463669359,TRUE,1.94021584607478,8.8659934273124,0.00348668043711168,3.20142455401971
"127","211010014-01","Not in a city",-87.46375,37.8712,10,43,65.2125457466693,57.0008139475172,8.21173179915214,TRUE,5.02783815761444,11.3956254406898,2.82564971675678e-06,5.15622208871783
"128","211110067-01","Louisville",-85.65452,38.22876,10,10,72.4934224739177,61.6878796380124,10.8055428359052,TRUE,1.20646047480198,20.4046251970085,0.0309918019728401,2.50642685727619
"129","211170007-01","Covington",-84.525,39.0725,10,24,69.7825323659556,60.4242370888482,9.35829527710742,TRUE,4.27057954847324,14.4460110057416,0.000687977129458899,3.74016579344035
"130","211451024-01","Paducah",-88.57251,37.05822,10,43,59.945128170081,56.0646214509103,3.88050671917077,FALSE,-1.40659964948983,9.16761308783138,0.146446847694969,1.47677787708818
"131","211930003-01","Hazard",-83.20932,37.28329,10,22,55.2061600335225,50.0983081887732,5.10785184474924,TRUE,2.02422208478875,8.19148160470973,0.00206753516792761,3.39128588153949
"132","211950002-01","Pikeville",-82.53532,37.4826,10,32,53.2630875660659,50.9635972569677,2.29949030909816,FALSE,-3.35600434264441,7.95498496084073,0.414739630521934,0.825373118014756
"133","212218001-02","Not in a city",-87.851944,36.783889,10,10,62.5155879452274,54.2681826345452,8.24740531068217,TRUE,4.22147912909191,12.2733314922724,0.000857017256284869,4.49667587617799
"134","212270008-01","Oakland",-86.250628,37.035438,10,35,59.2650163726618,52.6039581918513,6.66105818081051,TRUE,3.38306968190288,9.93904667971815,0.000168091858322664,4.08744274684035
"135","212270009-01","Smiths Grove",-86.21487,37.04926,10,16,61.5926305298446,50.6229311597441,10.9696993701006,TRUE,5.38393662642209,16.555462113779,0.00047501433637572,4.05968320905627
"136","220150008-02","Shreveport",-93.74891,32.53626,10,43,59.7347618728836,50.0104659847241,9.72429588815952,TRUE,5.64575231857815,13.8028394577409,1.43350977237552e-05,4.78291058683266
"137","220190008-01","Westlake (RR name West Lake)",-93.284167,30.261667,10,43,49.7987453681455,33.8185781826082,15.9801671855373,TRUE,11.5494469427026,20.4108874283721,3.59111390081189e-09,7.25845429792743
"138","220330009-01","Baton Rouge",-91.17922,30.46198,10,15,49.0179059123189,42.8638284857222,6.15407742659667,FALSE,-7.49785889370939,19.8060137469027,0.350362377603711,0.965754414789508
"139","220330013-01","Not in a city",-91.056135,30.700921,10,19,51.10074650686,45.3790760273345,5.72167047952556,FALSE,-2.43993334448867,13.8832743035398,0.158383992575151,1.46981913698945
"140","220511001-02","Kenner",-90.275091,30.043573,10,43,56.1066267088538,44.8870677520855,11.2195589567683,TRUE,6.47278052814335,15.9663373853932,1.93819476770609e-05,4.75605083653503
"141","220570004-01","Thibodaux",-90.765183,29.763889,10,31,57.6913621565208,39.8803070155824,17.8110551409383,TRUE,10.8635138174883,24.7585964643883,1.05223173988397e-05,5.22294613385127
"142","220630002-01","Not in a city",-90.8125,30.3125,10,29,59.2304468973379,45.9621670741779,13.26827982316,TRUE,8.44826846840134,18.0882911779187,3.49097862383445e-06,5.6095251645542
"143","220710012-02","New Orleans",-90.102778,29.994444,10,26,52.6958795820285,41.4297829492133,11.2660966328152,TRUE,5.71055952176326,16.8216337438671,0.000275811029960879,4.15276645989276
"144","221030002-01","Not in a city",-90.199683,30.429304,10,35,56.7753052103918,45.014059287876,11.7612459225158,TRUE,6.10795546633769,17.4145363786939,0.000151655040781938,4.21318653187275
"145","230031100-01","Presque Isle",-68.033006,46.696431,10,34,39.9946178690191,35.3394285471585,4.65518932186059,TRUE,1.09624250444032,8.21413613928086,0.0115945457933563,2.63960158057881
"146","230050029-01","Portland",-70.268965,43.660246,10,20,51.0398760560542,43.5601939943359,7.47968206171831,TRUE,2.07214188236577,12.8872222410708,0.00880245958900359,2.85943720710192
"147","230090103-01","Not in a city",-68.2609,44.37705,10,13,57.0449151968336,43.0091600484048,14.0357551484288,TRUE,7.81014492975601,20.2613653671016,0.000287711121011419,4.85561601540164
"148","240053001-01","Essex",-76.474444,39.310833,10,12,72.3271082841482,62.8750743107735,9.45203397337467,FALSE,-2.09465747739399,20.9987254241433,0.0993515499729793,1.79394384236591
"149","240230002-01","Grantsville",-79.012,39.70595,10,11,65.0730692710979,58.5020456251091,6.57102364598879,FALSE,-2.25611164128624,15.3981589332638,0.129619320523305,1.63801497634869
"150","250010002-01","Truro",-70.023598,41.975804,10,11,65.1685414332748,47.4357234492272,17.7328179840476,TRUE,8.87941879219308,26.5862171759021,0.00113473682476079,4.43766522966552
"151","250051004-01","Fall River",-71.169235,41.685707,10,12,68.6663578431847,50.4649327726649,18.2014250705198,TRUE,11.3066504533729,25.0961996876666,3.47916327391741e-05,5.57370019693603
"152","250070001-01","Aquinnah",-70.785225,41.330469,10,15,68.1979410227615,49.3968670336251,18.8010739891364,TRUE,8.28905895344819,29.3130890248247,0.00174532018885227,3.82140344251228
"153","250092006-01","Lynn",-70.970816,42.474642,10,41,65.3775448557911,58.8986964119794,6.47884844381162,TRUE,2.10998016849136,10.8477167191319,0.00430225368039739,2.96464098507202
"154","250095005-01","Haverhill",-71.10229,42.770837,10,29,65.63077039495,55.2588857835673,10.3718846113826,TRUE,4.76312778029337,15.9806414424719,0.000611433613866046,3.74751864844448
"155","250130008-01","Chicopee",-72.555112,42.19438,10,12,62.1089530502043,57.853245773102,4.25570727710227,FALSE,-3.54825325665121,12.0596678108557,0.25929531847591,1.1808229841626
"156","250154002-01","Ware (census name for Ware Center)",-72.334079,42.298493,10,41,62.4180716882863,52.4588168472567,9.9592548410296,TRUE,5.3226118954429,14.5958977866163,7.12433664460289e-05,4.30764845197982
"157","250213003-01","Milton",-71.11397,42.211774,10,34,64.9822824601766,56.046994053096,8.93528840708055,TRUE,4.19773302317926,13.6728437909818,0.000450288818935583,3.80542350594687
"158","250250042-01","Boston",-71.0826,42.3295,10,28,55.3752945431435,43.7307743200189,11.6445202231246,TRUE,7.23996791172012,16.0490725345291,5.96332311857944e-06,5.37772619995895
"159","260490021-01","Flint",-83.670159,43.047224,10,11,51.6215895040698,53.4829170390894,-1.86132753501962,FALSE,-8.55372828483227,4.83107321479303,0.551549405033888,-0.61496240050896
"160","260650012-02","Lansing",-84.534633,42.738618,10,13,52.3613052286453,52.4384753647222,-0.0771701360768517,FALSE,-5.08230748906351,4.92796721690981,0.973903778311693,-0.0333569066145562
"161","260770008-01","Kalamazoo",-85.54189,42.278067,10,14,55.7034193403728,53.7899289019701,1.91349043840272,FALSE,-2.11224502748047,5.93922590428591,0.326180437528509,1.01626419257846
"162","260810020-01","Grand Rapids",-85.671339,42.984173,10,39,64.9156254108901,55.8537448976329,9.06188051325726,TRUE,4.94987542798672,13.1738855985278,5.46859341370889e-05,4.43185938680877
"163","260910007-01","Tecumseh",-83.946559,41.995568,10,10,59.5910391789886,58.0889647864109,1.5020743925777,FALSE,-7.27947925105748,10.2836280362129,0.709093306189685,0.38463735471561
"164","261130001-01","Not in a city",-84.891865,44.310555,10,11,61.3625274577707,52.2299523050712,9.1325751526995,TRUE,1.74122698836297,16.523923317036,0.0200546106241986,2.72770810007163
"165","261530001-01","Not in a city",-85.950227,46.288877,10,24,60.3796317411679,44.3476363261009,16.031995415067,TRUE,9.21656863914276,22.8474221909912,5.53109786070018e-05,4.84366811206851
"166","261610008-01","Ypsilanti",-83.599602,42.240565,10,10,56.602429801723,52.2190800664998,4.38334973522326,FALSE,-3.21299363476294,11.9796931052094,0.225510642733046,1.29736562351121
"167","261630001-02","Allen Park",-83.2082,42.22862,10,44,58.9061190130998,51.5462531416106,7.35986587148921,TRUE,3.0203974143197,11.6993343286587,0.00128109896052268,3.40192320889655
"168","270031002-01","Blaine",-93.207615,45.13768,10,48,52.1714987422325,49.0341528267216,3.13734591551096,TRUE,0.407979077770973,5.86671275325095,0.0249792014871046,2.29892821550349
"169","270052013-01","Detroit Lakes",-95.846272,46.851811,10,54,46.9221341508771,45.3097646629447,1.61236948793234,FALSE,-0.954219202550076,4.17895817841476,0.21432170105632,1.25337918736449
"170","270177416-01","Cloquet",-92.52377,46.70527,10,14,44.6820301239836,40.3762283101702,4.30580181381347,FALSE,-1.21130945907511,9.82291308670206,0.116622664194541,1.66912956845954
"171","270353204-01","Brainerd",-94.1303,46.39674,10,75,45.8070658090575,44.1205528663404,1.68651294271711,FALSE,-0.919970566786405,4.29299645222062,0.202140303636394,1.28413371113729
"172","270750005-01","Not in a city",-91.495574,47.948622,10,45,43.9625233049387,40.4229724285092,3.53955087642954,TRUE,0.345693004584708,6.73340874827437,0.0305209170573131,2.22334254652506
"173","270834210-01","Marshall",-95.81789,44.4438,10,41,49.8934380358536,47.4603661960802,2.43307183977337,FALSE,-0.137150057561134,5.00329373710787,0.0630064410604445,1.90288222457367
"174","271095008-01","Rochester",-92.450366,43.996908,10,42,48.4379375828494,47.712090193667,0.725847389182491,FALSE,-1.86775803937196,3.31945281773694,0.576610196261425,0.561991518181323
"175","271370034-01","Not in a city",-92.829225,48.41252,10,28,42.576067563228,45.1421571639884,-2.56608960076039,FALSE,-5.87971394113911,0.747534739618334,0.124913321018449,-1.57219909455293
"176","271453052-01","St. Cloud",-94.13345,45.549839,10,43,44.0354422619189,44.402020699338,-0.366578437419093,FALSE,-3.62708022063501,2.89392334579682,0.822256483173772,-0.225828340773696
"177","271713201-01","St. Michael",-93.66921,45.20916,10,68,48.6669828145225,49.0393651930607,-0.372382378538184,FALSE,-2.95706867134702,2.21230391427065,0.775279407023648,-0.28636644509779
"178","280110001-01","Cleveland",-90.723028,33.746056,10,37,60.6235063121444,49.3587695325626,11.2647367795818,TRUE,7.67071643795636,14.8587571212072,1.36647668622175e-07,6.32586751449743
"179","280330002-01","Hernando",-89.98783,34.82166,10,37,58.7677275394265,52.536831408204,6.23089613122252,TRUE,2.71585678648257,9.74593547596247,0.0008404102318789,3.56478452649856
"180","280470008-01","Gulfport",-89.049778,30.390369,10,33,60.4608037227621,46.8059444922214,13.6548592305407,TRUE,8.2860162810045,19.0237021800769,9.1890033482739e-06,5.15747412298577
"181","280490010-01","Jackson",-90.1412,32.385731,10,47,56.8535042007479,44.8093580724221,12.0441461283259,TRUE,8.70257768886654,15.3857145677852,1.17671214107021e-09,7.21210640415834
"182","280590006-01","Pascagoula",-88.53393,30.378287,10,11,59.7319598875932,46.7960120270207,12.9359478605725,TRUE,3.37246662854721,22.4994290925977,0.012853287475759,2.99914383299466
"183","280750003-01","Meridian",-88.731491,32.364565,10,30,52.7835385438686,44.3620333427507,8.4215052011179,TRUE,5.228514763456,11.6144956387798,3.94508509796424e-06,5.32739794044002
"184","280810005-01","Tupelo",-88.766222,34.264917,10,21,57.8179199262569,47.9227090847557,9.89521084150127,TRUE,5.95126752822269,13.8391541547798,2.70244747916162e-05,5.18075435795881
"185","290390001-01","Not in a city",-94.035,37.69,10,30,57.7635034169903,54.4149645094422,3.34853890754811,FALSE,-0.57321984990995,7.27029766500617,0.0916774652339245,1.73744744611961
"186","290470005-01","Not in a city",-94.376623,39.30309,10,29,61.3562901427948,56.3776878358012,4.97860230699361,FALSE,-0.222356374565468,10.1795609885527,0.0599649275831733,1.95450113470846
"187","290990012-01","Arnold",-90.361492,38.43783,10,17,69.9366581647047,60.5425906712241,9.39406749348061,TRUE,1.17569060989531,17.6124443770659,0.0270587971576609,2.3792155126936
"188","290990019-01","Arnold",-90.39854,38.448633,10,22,60.3452888074766,56.1911477491749,4.1541410583017,FALSE,-0.41687945152779,8.7251615681312,0.0731001636418702,1.86614468618669
"189","291860005-01","Not in a city",-90.42388,37.90084,10,25,64.530123384597,53.7876709278793,10.7424524567177,TRUE,5.34732813268428,16.1375767807512,0.000361658784995905,4.09013647741992
"190","295100085-01","St. Louis",-90.198646,38.656498,10,37,62.7101300240623,55.709978006424,7.00015201763826,TRUE,2.39118473224714,11.6091193030294,0.00378809236376243,3.0644768638456
"191","300298001-01","Not in a city",-113.99681,48.5103,10,31,41.4682089760394,41.3522965259445,0.115912450094847,FALSE,-2.76677513575797,2.99860003594766,0.935326482788857,0.0817559429314432
"192","300490004-01","Not in a city",-111.987164,46.8505,10,12,42.5077849782775,45.1725530128937,-2.66476803461626,FALSE,-5.49413146236248,0.164595393129964,0.0629602254707547,-2.01845329473073
"193","320030020-01","North Las Vegas",-115.092222,36.245278,10,10,54.2473927747704,57.2006080559156,-2.95321528114526,FALSE,-16.9456964514104,11.0392658891199,0.645191650656302,-0.476006833224568
"194","320030022-01","Not in a city",-114.907406,36.391007,10,12,64.0774399207694,58.0542016385901,6.02323828217926,TRUE,0.583833189297654,11.4626433750609,0.0328687790119732,2.42487271505708
"195","320031019-01","Not in a city",-115.357048,35.785671,10,16,61.7301699168139,58.9027796116738,2.82739030514004,FALSE,-1.98337636347073,7.6381569737508,0.230522249749418,1.24705686650661
"196","320032002-01","North Las Vegas",-115.12293,36.19126,10,14,59.8977837939729,57.5574574608704,2.34032633310252,FALSE,-1.8219221442538,6.50257481045883,0.247759580787195,1.20625766452154
"197","320310016-01","Reno",-119.807717,39.525083,10,22,60.779560472079,56.2836203747895,4.49594009728951,TRUE,0.306271518737166,8.68560867584186,0.0366096192766448,2.22506016879478
"198","320330101-01","Not in a city",-114.21593,39.00512,10,15,57.0966201339753,56.5017573116919,0.594862822283439,FALSE,-2.1339461194537,3.32367176402058,0.650260463432699,0.462037205604031
"199","330074002-01","Not in a city",-71.217694,44.308167,10,14,47.0455438319721,42.0208813379194,5.0246624940527,FALSE,-0.916860885935957,10.9661858740414,0.0921201326833429,1.78761125935915
"200","330115001-01","Peterborough (Peterboro)",-71.878389,42.86175,10,12,60.3470686526311,52.4343181015707,7.91275055106041,FALSE,-0.325308013056013,16.1508091151768,0.058253998846246,2.09854490000799
"201","340010006-01","Galloway (Township of)",-74.448736,39.464872,10,23,62.3030525732551,52.9003556451795,9.40269692807563,TRUE,3.93366731417288,14.8717265419784,0.00160548642131701,3.54313244570669
"202","340110007-01","Vineland",-75.025204,39.422273,10,29,61.0967038183627,57.5218492443495,3.57485457401317,FALSE,-0.531510198627201,7.68121934665353,0.0859401457878576,1.76578325005318
"203","340130003-01","Newark",-74.192892,40.720989,10,15,64.735176871208,55.7509825197656,8.98419435144238,FALSE,-1.28304446266108,19.2514331655458,0.0818477039334485,1.8652495271571
"204","340190001-01","Raritan (Township of)",-74.806671,40.515262,10,37,70.2701397912,61.9993993012143,8.27074048998568,TRUE,4.27269894257057,12.2687820374008,0.000135411725267238,4.16365962223359
"205","340410007-01","Knowlton (Township of)",-75.067815,40.92458,10,13,58.0560089092618,49.8544967272261,8.20151218203567,TRUE,0.521448720266705,15.8815756438046,0.0379029354039528,2.27264845391539
"206","350010029-01","South Valley",-106.65739,35.01708,10,25,56.1262016065319,55.9328852322415,0.193316374290433,FALSE,-3.37054327587631,3.75717602445718,0.912025293417669,0.111581218246094
"207","350011013-01","North Valley",-106.613815,35.19324,10,26,55.977249817374,56.6808185661455,-0.70356874877158,FALSE,-3.82997464388019,2.42283714633702,0.648784525281376,-0.46021849797018
"208","350130021-01","Not in a city",-106.583889,31.796111,10,21,56.7877664365526,56.4310134218597,0.356753014692885,FALSE,-3.5032326945672,4.21673872395297,0.850303922582063,0.190784923056252
"209","350130022-01","Not in a city",-106.682778,31.787778,10,20,61.9046322570049,54.8960943095792,7.00853794742569,TRUE,1.71349815042113,12.3035777444303,0.0119666534135786,2.75512710857493
"210","350151005-01","Carlsbad",-104.262222,32.38,10,32,50.7963851898163,53.6077028260139,-2.81131763619763,FALSE,-6.93809545417537,1.31546018178011,0.175613153244945,-1.38155066573852
"211","350250008-01","Hobbs",-103.122917,32.726656,10,47,52.9585214303467,49.5375923735227,3.42092905682401,TRUE,0.244982437887771,6.59687567576024,0.0352321731159732,2.15597808963477
"212","350450018-01","Not in a city",-107.65158,36.80973,10,34,63.3118576290507,60.3644668168347,2.94739081221599,TRUE,0.767308621790206,5.12747300264177,0.00915387356842872,2.7216805168333
"213","350490021-01","Not in a city",-106.07968,35.61975,10,40,52.4593668392445,53.3087782881255,-0.849411448880979,FALSE,-3.21534503964049,1.51652214187853,0.473752352766448,-0.722171543727278
"214","350610008-01","Not in a city",-106.7396,34.8147,10,25,55.4439246450114,54.4214049725567,1.0225196724547,FALSE,-1.9389807895653,3.98402013447469,0.485377665887572,0.706965460355571
"215","360050110-01","New York",-73.902,40.81618,10,17,63.1499479268071,52.666733963075,10.4832139637321,TRUE,3.56253598388156,17.4038919435826,0.00510268397402937,3.17693665118676
"216","360310003-01","Not in a city",-73.8589,44.39308,10,24,60.3648972845458,49.1974257723731,11.1674715121727,TRUE,5.92596129828946,16.408981726056,0.00016315759895358,4.37020588712484
"217","360551007-01","Rochester",-77.54817,43.14618,10,31,60.9930249525489,47.1199250151099,13.873099937439,TRUE,8.90832850113267,18.8378713737453,2.30886388825928e-06,5.68066258852323
"218","360610135-01","New York",-73.94825,40.81976,10,24,64.337922445134,54.4703527225876,9.86756972254636,TRUE,2.40579443588101,17.3293450092117,0.0114896229882265,2.71571717779506
"219","360810124-01","New York",-73.82153,40.73614,10,14,63.2045116905855,55.6953939539869,7.50911773659865,FALSE,-0.531187208003816,15.5494226812011,0.064950311250762,2.00050369474445
"220","360870005-01","Not in a city",-74.02819,41.18208,10,31,61.5896619146408,52.937079951803,8.65258196283783,TRUE,4.42590533967128,12.8792585860044,0.000142481656711276,4.10849408053104
"221","361010003-01","Not in a city",-77.20978,42.09142,10,13,55.7188601235867,49.7028524010316,6.01600772255509,FALSE,-0.119141868126163,12.1511573132363,0.0539750870266692,2.11870503946489
"222","361030009-01","Holtsville",-73.05754,40.82799,10,26,66.2139666443075,52.7550833670187,13.4588832772888,TRUE,7.10370912395841,19.8140574306193,0.000167556642597893,4.33696789796775
"223","361192004-01","White Plains",-73.76366,41.05192,10,41,67.3391240270712,59.0741332639483,8.26499076312294,TRUE,3.83293986691396,12.6970416593319,0.000445264779765576,3.73750538735128
"224","370110002-01","Not in a city",-81.933072,35.972347,10,13,50.4798830369601,45.5845909757766,4.89529206118345,FALSE,-1.56797099246209,11.358555114829,0.125564982001941,1.63898818545696
"225","370330001-01","Not in a city",-79.467417,36.307033,10,30,61.4778756839943,56.5387508206367,4.93912486335762,TRUE,0.963614598792068,8.91463512792317,0.0163880574547756,2.52363483994972
"226","370630015-01","Durham",-78.905417,36.032944,10,29,61.66822347928,54.7785559319203,6.88966754735971,TRUE,2.65027510427993,11.1290599904395,0.00227899869174886,3.3053857738146
"227","370650099-01","Leggett",-77.582778,35.988333,10,31,65.9393966931022,53.2278670558662,12.7115296372359,TRUE,9.03931018039597,16.3837490940759,2.62255996378912e-08,7.01193080418319
"228","370670022-01","Winston-Salem",-80.226667,36.110556,10,33,65.3795690181288,59.1371585855977,6.24241043253109,TRUE,2.20937043636216,10.2754504287,0.00326217815247661,3.1268426013117
"229","370670030-01","Winston-Salem",-80.342,36.026,10,34,62.4432258552983,57.0289182064912,5.41430764880707,TRUE,1.3853037220941,9.44331157552004,0.00967810864420545,2.7137612126479
"230","370810013-01","Greensboro",-79.801111,36.109167,10,37,63.8248576504844,60.3073295970092,3.51752805347517,FALSE,-0.593568134219424,7.62862424116976,0.0916892468898258,1.72357155611346
"231","371170001-01","Jamesville",-76.906249,35.81066,10,42,59.4798344796613,49.2222799496937,10.2575545299677,TRUE,7.05247785310101,13.4626312068343,2.65117027686373e-08,6.40265836844593
"232","371190041-01","Charlotte",-80.785683,35.2401,10,45,67.5387516185272,61.7743103763107,5.76444124221648,TRUE,1.24778542677395,10.281097057659,0.0133592651770027,2.55986525559644
"233","371290002-01","Castle Hayne",-77.838611,34.364167,10,35,55.0948053807881,44.6584597779966,10.4363456027914,TRUE,7.41146813051962,13.4612230750632,8.89800270389057e-09,6.93571080118639
"234","371590021-01","Rockwell",-80.395039,35.551868,10,37,69.7987427512493,62.7978037821981,7.00093896905113,TRUE,2.96245598353971,11.0394219545626,0.00108719143220411,3.49136044599169
"235","371590021-02","Rockwell",-80.395039,35.551868,10,19,68.9317076112741,68.6544457908555,0.277261820418616,FALSE,-4.70708216536118,5.26160580619841,0.910968674660653,0.11255244311858
"236","371730002-01","Bryson City (RR name Bryson)",-83.442133,35.434767,10,21,49.6026553933527,44.3724098360946,5.23024555725812,TRUE,1.02244505157053,9.4380460629457,0.0171117661084403,2.5740931834466
"237","371830014-01","Raleigh",-78.574167,35.856111,10,15,63.2803065422295,55.5135802058546,7.76672633637488,TRUE,2.28188924831012,13.2515634244396,0.00858003386967189,3.0127817446093
"238","380070002-01","Not in a city",-103.37853,46.8943,10,32,51.2112910018314,48.7210599944033,2.49023100742815,TRUE,0.00980395072060826,4.97065806413569,0.0491464674964262,2.03367658465569
"239","380130004-01","Not in a city",-102.4018,48.64193,10,38,44.9165440750396,45.6033424700208,-0.686798394981174,FALSE,-3.1216039606158,1.74800717065345,0.572643003776651,-0.568389430813867
"240","380171004-01","Not in a city",-96.85535,46.933754,10,44,42.8469747895122,42.3389428457182,0.508031943793995,FALSE,-2.27176439645834,3.28782828404633,0.715220582263643,0.36688324854715
"241","390030009-01","Lima",-84.0539,40.770944,10,33,64.7131359007233,59.4614651588259,5.25167074189741,TRUE,1.35145069243109,9.15189079136374,0.00930225257657761,2.70300410485492
"242","390250022-01","Batavia",-84.1441,39.0828,10,36,66.8943907838684,62.0830296487398,4.81136113512855,TRUE,0.737894553046222,8.88482771721088,0.0216609903926932,2.37870366331625
"243","390490081-01","Columbus",-82.959773,40.0877,10,11,59.4915525619546,56.091590408126,3.39996215382865,FALSE,-3.86039837107377,10.6603226787311,0.32360823276543,1.03505942680283
"244","390610006-01","Blue Ash",-84.36612,39.2787,10,41,72.9683393198682,64.5283481711598,8.43999114870839,TRUE,4.77450972570058,12.1054725717162,2.23819967196123e-05,4.60783829705786
"245","390610010-01","Cleves",-84.69086,39.21494,10,28,65.7688990826501,61.8947595566244,3.87413952602566,FALSE,-0.408796367320893,8.15707541937221,0.0748325972504191,1.83544414228673
"246","390610040-01","Cincinnati",-84.50404,39.12886,10,37,69.7763660991779,63.0696518289958,6.7067142701821,TRUE,2.84355910517583,10.5698694351884,0.0010376070231758,3.48920963595528
"247","390850007-01","Painesville",-81.242156,41.726811,10,35,59.5853714359576,52.4218593299156,7.16351210604202,TRUE,2.46433767924637,11.8626865328377,0.00366592635594628,3.07509331337647
"248","390870012-01","Ironton",-82.659301,38.508114,10,23,49.9275918455359,52.7912666182147,-2.86367477267886,FALSE,-7.27041382265858,1.54306427730085,0.194596282680351,-1.32631103580657
"249","390950024-01","Toledo",-83.54625,41.644067,10,38,59.4508934203426,51.282714941394,8.16817847894859,TRUE,3.65417296697098,12.6821839909262,0.000679590564481813,3.64121931979723
"250","391351001-01","New Paris",-84.72049,39.83562,10,42,62.7139722752251,55.2691304722275,7.44484180299756,TRUE,4.67730377154102,10.2123798344541,1.0090864742378e-06,5.36618074445778
"251","391650007-01","Lebanon",-84.20077,39.42689,10,46,67.5539312074254,63.3455015697984,4.20842963762698,TRUE,0.658861052494183,7.75799822275979,0.0209168905077954,2.3702735600019
"252","400019009-01","Cherry Tree",-94.669697,35.750735,10,51,58.3202001094791,53.5076424992275,4.81255761025162,TRUE,0.889490361737561,8.73562485876569,0.0170191304819505,2.45170896440076
"253","400190297-01","Healdton",-97.474341,34.257125,10,32,60.7931427059824,56.9017042180274,3.89143848795505,FALSE,-1.12068204864938,8.90355902455948,0.124509953387899,1.56883216287748
"254","400270049-01","Moore",-97.484099,35.320105,10,39,57.1951988367337,52.813695251757,4.38150358497676,TRUE,0.328618123855248,8.43438904609826,0.0347525242289711,2.17928494836694
"255","400310651-01","Lawton",-98.42879,34.63298,10,27,57.5829970997607,51.6314932213414,5.95150387841924,TRUE,0.786238824722132,11.1167689321163,0.0253870078446842,2.35465312720301
"256","400430860-01","Seiling",-98.931973,36.158414,10,51,55.7060036241854,53.538654583935,2.16734904025043,FALSE,-0.983624074617346,5.3183221551182,0.17402258646085,1.375501776318
"257","401091037-01","Oklahoma City",-97.475083,35.614131,10,25,60.51631301093,57.4354543498661,3.08085866106392,FALSE,-2.06446408882088,8.22618141094873,0.229478999416122,1.23047634919616
"258","401159004-01","Miami",-94.838889,36.922222,10,52,59.3833342438384,54.9293919671395,4.45394227669891,TRUE,0.638493260235785,8.26939129316204,0.0228685788608702,2.33274263564142
"259","401210415-01","McAlester",-95.784375,34.90227,10,20,58.2055430190265,53.2486149008682,4.9569281181583,TRUE,0.521854496790103,9.3920017395265,0.0301073941584023,2.31479346836248
"260","401430174-01","Glenpool",-96.004975,35.953708,10,48,55.2821229039043,53.3959142394193,1.88620866448495,FALSE,-1.59883413085733,5.37125145982722,0.283178623431242,1.08314767331458
"261","401431127-01","Tulsa",-95.976537,36.204902,10,40,55.1718675236288,57.1153763545417,-1.94350883091288,FALSE,-6.9142414392388,3.02722377741305,0.435110802597052,-0.787519881900846
"262","410050004-01","Not in a city",-122.588151,45.25928,10,51,51.628528434253,48.4552830006401,3.1732454336129,FALSE,-1.52875895425384,7.87524982147964,0.182131286203025,1.34975336823442
"263","410090004-01","Not in a city",-122.7721,45.768531,10,72,39.747097956688,38.8125244103454,0.934573546342577,FALSE,-1.76652975713026,3.63567684981541,0.494267245102718,0.685883356281203
"264","410390060-01","Eugene",-123.083737,44.026312,10,77,48.8165788782659,46.3778487212941,2.43873015697181,FALSE,-0.483099475760041,5.36055978970367,0.101088655195375,1.65143629292237
"265","410510080-01","Portland",-122.602877,45.496641,10,64,43.2930054678686,41.3796196057237,1.91338586214493,FALSE,-1.78689712325748,5.61366884754734,0.306461318019262,1.02940770284222
"266","420030008-01","Pittsburgh",-79.960757,40.46542,10,31,64.0189667473677,59.0362234142565,4.98274333311115,FALSE,-0.617547443403681,10.583034109626,0.07939886378741,1.80960787725339
"267","421010004-01","Philadelphia",-75.09778,40.008889,10,18,52.3282210731446,47.6229121948543,4.7053088782903,TRUE,1.46357443969368,7.94704331688692,0.00587393875940436,2.96256577601263
"268","421010024-01","Philadelphia",-75.011549,40.0764,10,14,73.2901126278056,64.2604291242981,9.02968350350754,TRUE,0.398519689998995,17.6608473170161,0.0415213447179292,2.24125000515734
"269","440071010-01","East Providence",-71.36077,41.841573,10,10,70.874971003575,59.6443305451298,11.2306404584452,TRUE,2.29174791034348,20.1695330065469,0.0186047564348289,2.78271599797946
"270","450190046-01","Not in a city",-79.657187,32.941023,10,28,54.6094366262136,40.3230651218624,14.2863715043512,TRUE,10.2530499565724,18.31969305213,4.84507721161466e-08,7.23542905620995
"271","450290002-02","Not in a city",-80.965038,33.007866,10,20,48.436035807324,41.468759098463,6.96727670886096,TRUE,1.87268163235483,12.0618717853671,0.00967715647669945,2.84102513288152
"272","450370001-01","Not in a city",-81.853635,33.739963,10,21,55.3067750508731,47.5405669009808,7.76620814989234,TRUE,4.12508144045536,11.4073348593293,0.000171367720531045,4.38492842230815
"273","460330132-03","Not in a city",-103.48386,43.55764,10,36,56.7900609990326,54.9317680622361,1.85829293679646,FALSE,-0.984627008218424,4.70121288181134,0.193825550986319,1.32212252148817
"274","460710001-03","Not in a city",-101.941218,43.74561,10,22,48.1062525669994,48.9142852259663,-0.808032658966852,FALSE,-4.62877566672128,3.01271034878758,0.665831821027475,-0.43749839434585
"275","460990008-03","Sioux Falls",-96.700769,43.54792,10,24,53.6031326370048,49.9371158996709,3.66601673733383,FALSE,-0.30002240502681,7.63205587969448,0.0685725322816373,1.90008007535843
"276","471570075-01","Memphis",-89.850249,35.151699,10,34,59.6994193981518,53.9265361098676,5.77288328828416,TRUE,1.398383310743,10.1473832658253,0.0107169299811025,2.64975511206547
"277","480290032-02","Leon Valley",-98.620166,29.51509,10,46,54.007971409623,44.8206294090116,9.1873420006114,TRUE,4.33829913103153,14.0363848701913,0.000388806437129319,3.80639950264683
"278","480290055-01","San Antonio",-98.431111,29.407222,10,10,37.0295369340156,37.8280904783331,-0.7985535443175,FALSE,-7.31490073622426,5.71779364758926,0.79170526626291,-0.270824527412954
"279","480290059-01","Not in a city",-98.311692,29.275381,10,45,47.1536027612991,38.3722964204026,8.7813063408965,TRUE,4.49974826814557,13.0628644136474,0.000142702055968212,4.11970168671582
"280","480430101-01","Not in a city",-103.17781,29.30265,10,31,56.6799027388783,48.9179657925468,7.76193694633148,TRUE,4.18565764538303,11.3382162472799,9.55255075401078e-05,4.40687438200649
"281","480610006-01","Brownsville",-97.493836,25.892503,10,60,38.154480923996,25.3172134374772,12.8372674865188,TRUE,10.0832970373584,15.5912379356792,1.02915718805998e-13,9.30287411266911
"282","481130069-03","Dallas",-96.860082,32.819952,10,52,58.4200220298742,49.1356382236684,9.28438380620582,TRUE,3.98554499134814,14.5832226210635,0.000880575913866405,3.50717186502822
"283","481210034-01","Denton",-97.196287,33.219056,10,49,65.6984667510915,57.6756350237582,8.02283172733331,TRUE,2.72445165802885,13.3212117966378,0.00369354979023261,3.03639237025587
"284","481390016-01","Midlothian",-97.026922,32.482082,10,33,52.3605222024501,46.5526260828695,5.80789611958055,TRUE,0.925274731078054,10.690517508083,0.0210718880372712,2.41268151791302
"285","481391044-01","Not in a city",-96.87018,32.175428,10,41,51.5847178022007,44.6759222190267,6.90879558317402,TRUE,1.95069362030776,11.8668975460403,0.00738718770569398,2.80740607855352
"286","481410037-02","El Paso",-106.50126,31.768291,10,26,53.7535339150744,55.5450384966034,-1.79150458152895,FALSE,-5.9581681207758,2.37515895771789,0.388255822178566,-0.874099371492117
"287","481410055-01","El Paso",-106.402784,31.746743,10,23,45.4534851873197,51.6395154461622,-6.18603025884256,TRUE,-9.41742278722484,-2.95463773046029,0.000423080659726175,-3.88200962296083
"288","481671034-01","Galveston",-94.861289,29.254474,10,38,53.04718101073,33.0121703120089,20.0350106987211,TRUE,12.1504966490961,27.9195247483461,8.12889534536295e-06,5.14062596486476
"289","482010024-02","Not in a city",-95.326125,29.901037,10,39,57.3971780255949,46.1273774178915,11.2698006077034,TRUE,4.89100815601719,17.6485930593895,0.000926195244480373,3.56638859047676
"290","482010026-03","Channelview",-95.125495,29.802707,10,36,52.6968590091893,41.1970261706868,11.4998328385025,TRUE,4.68811097096378,18.3115547060411,0.0015252060876621,3.41866066729602
"291","482010416-01","Houston",-95.294722,29.686389,10,38,57.4860087469927,39.0793083384025,18.4067004085902,TRUE,10.2886836807076,26.5247171364728,4.48509726169631e-05,4.58393889997219
"292","482011034-02","Houston",-95.220587,29.767971,10,41,53.5741165815619,41.4302346964393,12.1438818851226,TRUE,5.52793284036577,18.7598309298794,0.00060030639595486,3.70021643627712
"293","482011035-03","Houston",-95.257593,29.733726,10,36,48.8854517890935,36.1040138857814,12.7814379033121,TRUE,4.97300498818427,20.5898708184399,0.00204378875115322,3.31570214932624
"294","482011039-01","Deer Park",-95.128508,29.670025,10,37,54.5941777288304,40.6428744464424,13.9513032823881,TRUE,6.57505672076389,21.3275498440123,0.000459914945281603,3.82587508417702
"295","482011050-01","Seabrook",-95.015544,29.583047,10,33,53.1799198262826,37.9502634238917,15.229656402391,TRUE,6.81282298634053,23.6464898184414,0.000818576882913293,3.68006892737015
"296","482030002-01","Not in a city",-94.167457,32.668987,10,43,58.0252207930253,50.1809036655306,7.84431712749471,TRUE,3.70279194754747,11.985842307442,0.000395632106903952,3.80749384738193
"297","482150043-01","Mission",-98.29107,26.226226,10,53,38.7415950192672,27.2545031301677,11.4870918890995,TRUE,8.66683435191302,14.307349426286,2.29026116464391e-11,8.14246541651622
"298","482450022-01","Not in a city",-94.3178,29.863953,10,50,51.3459579839301,36.7591922065964,14.5867657773337,TRUE,8.31390872971674,20.8596228249507,2.16233832529281e-05,4.66511644207989
"299","482570005-01","Kaufman",-96.317677,32.564952,10,49,56.8194934930792,48.9467819842128,7.87271150886632,TRUE,4.14149286597761,11.603930151755,8.68758666913829e-05,4.2248057840606
"300","483091037-01","Waco",-97.070684,31.653068,10,32,51.0594338137572,45.2248505525055,5.83458326125168,TRUE,1.10186893290119,10.5672975896022,0.017161145784283,2.50390861675862
"301","483390078-01","Conroe",-95.425128,30.350302,10,28,53.8003832213454,46.8774289967878,6.92295422455758,TRUE,1.30678044319602,12.5391280059191,0.0174537316847685,2.52128934326077
"302","483491051-01","Corsicana",-96.399138,32.03194,10,45,54.8083165705434,46.4949189593472,8.3133976111962,TRUE,3.93298778923035,12.6938074331621,0.000371462662371239,3.80851379106866
"303","483550025-02","Corpus Christi",-97.434247,27.765335,10,49,40.0199067658959,28.2384936459483,11.7814131199476,TRUE,7.4768722422154,16.0859539976798,1.14561040636547e-06,5.48895916739152
"304","483611100-01","West Orange",-93.866944,30.194167,10,46,52.6667159468987,37.3599790226831,15.3067369242157,TRUE,10.6861171855718,19.9273566628596,2.29044461932593e-08,6.65782676158547
"305","484393011-01","Arlington",-97.088583,32.656372,10,53,58.1304919385234,48.8684473981398,9.26204454038357,TRUE,3.94208767113297,14.5820014096342,0.000943041074071649,3.48474198867252
"306","484530014-02","Austin",-97.760254,30.354419,10,32,54.2244888524046,44.94465990584,9.27982894656459,TRUE,2.88211803466126,15.6775398584679,0.00579357532312296,2.95140280862024
"307","484530020-01","Not in a city",-97.872301,30.483168,10,39,51.7066286731237,44.7174793511055,6.98914932201821,TRUE,2.18603785600508,11.7922607880314,0.00538172257632597,2.9379241234616
"308","490030003-01","Brigham City",-112.018863,41.492707,10,30,63.234692890033,60.6632501313955,2.57144275863747,FALSE,-0.862628369604765,6.0055138868797,0.136987645561064,1.52561158130808
"309","490050004-01","Logan",-111.8375,41.731111,10,60,60.4391044585882,57.0082782977349,3.43082616085324,TRUE,1.34507215426787,5.51658016743861,0.00158248592526619,3.27530015992082
"310","490130002-01","Roosevelt",-110.009732,40.294178,10,11,56.4628552349664,55.9757679106396,0.487087324326829,FALSE,-1.42940310815239,2.40357775680605,0.605478786149181,0.52304629005271
"311","490353006-01","Salt Lake City",-111.872222,40.736389,10,54,61.6429228153495,60.4984680199688,1.14445479538065,FALSE,-2.24465076052519,4.53356035128649,0.502110010048531,0.675158723660243
"312","490370101-01","Not in a city",-109.82126,38.45832,10,12,63.5156519550458,56.2648422141997,7.25080974084609,TRUE,3.68122185768788,10.8203976240043,0.000862883792168622,4.43957198195182
"313","490450003-01","Tooele",-112.299618,40.543309,10,41,60.6687382750049,57.7983261010747,2.8704121739302,FALSE,-0.412653964461582,6.15347831232198,0.0850112382621189,1.76191250872224
"314","490472002-01","Not in a city",-109.353932,40.206291,10,13,55.2762264273997,55.2873831708987,-0.0111567434989581,FALSE,-3.78868576112135,3.76637227412343,0.994998368465364,-0.00639251799382422
"315","490472003-01","Not in a city",-109.688108,40.05671,10,24,60.0210240894921,56.2334548612392,3.78756922825291,TRUE,0.863549959074072,6.71158849743174,0.0130450817723504,2.65730693013176
"316","490490002-02","Provo",-111.663056,40.253611,10,27,64.0677961734008,59.5845887896841,4.48320738371664,TRUE,0.560466544449477,8.4059482229838,0.0265321135561467,2.33784228031178
"317","490530130-01","Virgin",-113.1506,37.1983,10,11,60.0637287750422,57.1812074281588,2.88252134688341,FALSE,-0.457104564123932,6.22214725789076,0.0839843132139679,1.89989839931026
"318","490570002-01","Ogden",-111.975524,41.206321,10,29,59.521174116185,59.7894369928236,-0.268262876638573,FALSE,-3.82613217878751,3.28960642551036,0.879141641340976,-0.153199366198257
"319","500030004-01","Bennington",-73.24984,42.88759,10,33,53.1078089971141,46.1286025996937,6.97920639742038,TRUE,2.83806511080869,11.1203476840321,0.00151169473274174,3.40607093514916
"320","500070007-01","Underhill (Town of)",-72.86884,44.52839,10,14,46.5571334771281,44.4196262703032,2.13750720682488,FALSE,-2.84122355877031,7.11623797242007,0.374167542883205,0.916467723669109
"321","510030001-01","Not in a city",-78.50397,38.07657,10,22,59.2313935816406,51.2229735566465,8.00842002499414,TRUE,5.18896892605927,10.827871123929,9.86491087912461e-07,5.73374856146066
"322","510590030-01","Groveton",-77.10468,38.77335,10,26,75.6299494295787,62.7340959801109,12.8958534494678,TRUE,6.67490898411775,19.1167979148179,0.000211967448042339,4.24286190818148
"323","510690010-01","Not in a city",-78.08157,39.28102,10,18,62.5418584569425,54.2669467640702,8.27491169287226,TRUE,4.51694560614439,12.0328777796001,0.000139610455687136,4.55340133019928
"324","510870014-01","East Highland Park",-77.40027,37.55652,10,20,68.5145246421346,57.9482877072048,10.5662369349299,TRUE,4.127005125711,17.0054687441488,0.00258844844725126,3.40804817682631
"325","511130003-01","Not in a city",-78.43471,38.5231,10,12,67.2363187414553,56.198899168723,11.0374195727323,TRUE,5.2707035145039,16.8041356309607,0.00132035539353277,4.17615871550223
"326","511630003-01","Not in a city",-79.51257,37.62668,10,12,56.504868290553,48.5293255747736,7.97554271577938,TRUE,1.9322648986163,14.0188205329425,0.0140076978567302,2.88008781288586
"327","516500008-01","Hampton",-76.387017,37.103733,10,27,61.3525715458847,50.1571043367963,11.1954672090883,TRUE,6.21515867219694,16.1757757459797,6.37888057589827e-05,4.57218965397692
"328","530090013-01","Not in a city",-124.62491,48.29786,10,33,42.3423814603625,34.3516802342233,7.99070122613914,TRUE,4.52847318503378,11.4529292672445,2.39503488080018e-05,4.62850974335794
"329","530330017-01","North Bend (Northbend)",-121.77278,47.49022,10,68,43.9662012578645,46.6533474251189,-2.6871461672544,FALSE,-6.42951828999851,1.0552259554897,0.156989176547067,-1.42827475026816
"330","530330023-01","Enumclaw",-121.9379,47.1411,10,40,48.1099964271608,52.8259217422483,-4.7159253150875,FALSE,-10.8294157961661,1.3975651659911,0.127240211345588,-1.55404076539281
"331","530531010-01","Not in a city",-122.12429,46.75838,10,19,41.0469843866544,43.0941284984994,-2.04714411184504,FALSE,-7.96644570765988,3.8721574839698,0.479706582519634,-0.719755264100824
"332","530630021-01","Spokane",-117.364852,47.672482,10,44,48.4289457568413,46.7588017362675,1.67014402057389,FALSE,-1.1600819874099,4.50037002855768,0.242239703994904,1.18168343375629
"333","550250041-01","Madison",-89.357298,43.100838,10,41,57.1830435229719,50.972927092812,6.21011643015986,TRUE,3.12103680068012,9.2991960596396,0.000190805757556183,4.04208178400214
"334","550270001-02","Horicon",-88.621111,43.466111,10,45,55.5070884658981,50.3156803676895,5.19140809820862,TRUE,1.51548610067841,8.86733009573883,0.00640063369788639,2.82419810796658
"335","550350014-01","Not in a city",-91.143,44.761,10,41,53.6013028024139,47.0672838549249,6.53401894748895,TRUE,3.24289520502929,9.82514268994861,0.000170342995570167,3.95372393810411
"336","550410007-01","Not in a city",-88.8088,45.563,10,28,49.3054741358836,45.2746250975488,4.03084903833482,FALSE,-0.344743105547358,8.406441182217,0.0697362122456107,1.87663511656799
"337","550590019-01","Pleasant Prairie",-87.8093,42.504722,10,26,63.4530648733138,52.0266139926041,11.4264508807097,TRUE,6.87242369277123,15.9804780686481,1.87371861802694e-05,5.13849084506338
"338","550630012-01","La Crosse",-91.2269,43.7775,10,47,51.6623816362775,48.128886137726,3.53349549855148,TRUE,0.508060418651183,6.55893057845178,0.0227025160751491,2.32757404940926
"339","550790010-01","Milwaukee",-87.933333,43.016667,10,25,47.7100980371534,43.8126478653873,3.89745017176609,FALSE,-0.468247175751869,8.26314751928405,0.0780165590129577,1.83280972116461
"340","550790026-01","Milwaukee",-87.913504,43.060975,10,31,56.7482009099955,47.690855899705,9.05734501029051,TRUE,4.25645184516197,13.8582381754191,0.00052799187705329,3.83713817560419
"341","550870009-01","Appleton",-88.395134,44.30738,10,28,52.8352305889268,48.2990069096056,4.53622367932126,FALSE,-0.0259137755011522,9.09836113414367,0.0512321683417661,2.03221062061622
"342","550890009-01","Not in a city",-87.81,43.49806,10,35,58.0880411707186,46.7553485900099,11.3326925807088,TRUE,6.99864976713899,15.6667353942786,4.92544656305058e-06,5.28749384051963
"343","551110007-01","Not in a city",-89.6797,43.4351,10,42,54.3872498251663,50.26464460191,4.12260522325627,TRUE,1.21269226754279,7.03251817896975,0.00622814405030948,2.8318788714319
"344","551330027-01","Waukesha",-88.21507,43.020075,10,37,53.9170809193704,48.7224224324457,5.19465848692474,TRUE,2.05453285807225,8.33478411577723,0.0017474116365145,3.33445744678522
"345","560050123-01","Not in a city",-105.2903,44.6522,10,31,58.3123853067571,57.0072842878425,1.30510101891461,FALSE,-1.76783579973273,4.37803783756195,0.394155952333946,0.863021302302563
"346","560210100-01","Not in a city",-104.778334,41.182227,10,11,55.3254919319688,58.0890410019225,-2.76354906995366,FALSE,-8.23399837640334,2.70690023649602,0.289085790249284,-1.11525782801203
